{
    "timestamp": "20260407-083933",
    "thresholds": {
        "admiration": 0.6400000000000001,
        "amusement": 0.7000000000000001,
        "anger": 0.56,
        "annoyance": 0.42000000000000004,
        "approval": 0.3400000000000001,
        "caring": 0.56,
        "confusion": 0.5000000000000001,
        "curiosity": 0.54,
        "desire": 0.66,
        "disappointment": 0.44000000000000006,
        "disapproval": 0.42000000000000004,
        "disgust": 0.56,
        "embarrassment": 0.7400000000000001,
        "excitement": 0.56,
        "fear": 0.8200000000000002,
        "gratitude": 0.8200000000000002,
        "grief": 0.6400000000000001,
        "joy": 0.56,
        "love": 0.6000000000000001,
        "nervousness": 0.6200000000000001,
        "optimism": 0.6400000000000001,
        "pride": 0.7400000000000001,
        "realization": 0.32000000000000006,
        "relief": 0.4600000000000001,
        "remorse": 0.7800000000000001,
        "sadness": 0.66,
        "surprise": 0.66,
        "neutral": 0.3400000000000001
    }
}